,__type,AreaNum,AreaType,BallotOrder,CandidateID,CountyID,CountyName,CurrentDateTime,IsReported,OfficeSeqNo,PartyCode,PartyName,PrecinctName,PrecinctsPartial,PrecinctsReporting,RaceID,RaceName,RecountPercent,RecountVotes,StatePrecinctID,TotalPrecincts,VoteFor,Winner,calcCandidate,calcCandidatePercentage,calcCandidateVotes,Unnamed: 26
MapData:#MontanaWebServices,PUBLIC SERVICE COMMISSIONER DISTRICT 4,,99,23837,15,Flathead,,False,3004,REP,Republican,PCT 01,0,0,450000000001612,PUBLIC SERVICE COMMISSIONER, DISTRICT 4,0,0,49,130,1,False,JENNIFER  FIELDER,0,0,
MapData:#MontanaWebServices,PUBLIC SERVICE COMMISSIONER DISTRICT 4,,99,23838,15,Flathead,,False,3004,IND,Independent,PCT 01,0,0,450000000001612,PUBLIC SERVICE COMMISSIONER, DISTRICT 4,0,0,49,130,1,False,ELENA EVANS,0,0,
MapData:#MontanaWebServices,PUBLIC SERVICE COMMISSIONER DISTRICT 4,,99,23837,15,Flathead,,False,3004,REP,Republican,PCT 19,0,0,450000000001612,PUBLIC SERVICE COMMISSIONER, DISTRICT 4,0,0,67,130,1,False,JENNIFER  FIELDER,0,0,
MapData:#MontanaWebServices,PUBLIC SERVICE COMMISSIONER DISTRICT 4,,99,23838,15,Flathead,,False,3004,IND,Independent,PCT 19,0,0,450000000001612,PUBLIC SERVICE COMMISSIONER, DISTRICT 4,0,0,67,130,1,False,ELENA EVANS,0,0,
MapData:#MontanaWebServices,PUBLIC SERVICE COMMISSIONER DISTRICT 4,,99,23837,15,Flathead,,False,3004,REP,Republican,PCT 20,0,0,450000000001612,PUBLIC SERVICE COMMISSIONER, DISTRICT 4,0,0,68,130,1,False,JENNIFER  FIELDER,0,0,
MapData:#MontanaWebServices,PUBLIC SERVICE COMMISSIONER DISTRICT 4,,99,23838,15,Flathead,,False,3004,IND,Independent,PCT 20,0,0,450000000001612,PUBLIC SERVICE COMMISSIONER, DISTRICT 4,0,0,68,130,1,False,ELENA EVANS,0,0,
MapData:#MontanaWebServices,PUBLIC SERVICE COMMISSIONER DISTRICT 4,,99,23837,15,Flathead,,False,3004,REP,Republican,PCT 21,0,0,450000000001612,PUBLIC SERVICE COMMISSIONER, DISTRICT 4,0,0,69,130,1,False,JENNIFER  FIELDER,0,0,
MapData:#MontanaWebServices,PUBLIC SERVICE COMMISSIONER DISTRICT 4,,99,23838,15,Flathead,,False,3004,IND,Independent,PCT 21,0,0,450000000001612,PUBLIC SERVICE COMMISSIONER, DISTRICT 4,0,0,69,130,1,False,ELENA EVANS,0,0,
MapData:#MontanaWebServices,PUBLIC SERVICE COMMISSIONER DISTRICT 4,,99,23837,15,Flathead,,False,3004,REP,Republican,PCT 22,0,0,450000000001612,PUBLIC SERVICE COMMISSIONER, DISTRICT 4,0,0,70,130,1,False,JENNIFER  FIELDER,0,0,
MapData:#MontanaWebServices,PUBLIC SERVICE COMMISSIONER DISTRICT 4,,99,23838,15,Flathead,,False,3004,IND,Independent,PCT 22,0,0,450000000001612,PUBLIC SERVICE COMMISSIONER, DISTRICT 4,0,0,70,130,1,False,ELENA EVANS,0,0,
MapData:#MontanaWebServices,PUBLIC SERVICE COMMISSIONER DISTRICT 4,,99,23837,15,Flathead,,False,3004,REP,Republican,PCT 23,0,0,450000000001612,PUBLIC SERVICE COMMISSIONER, DISTRICT 4,0,0,71,130,1,False,JENNIFER  FIELDER,0,0,
MapData:#MontanaWebServices,PUBLIC SERVICE COMMISSIONER DISTRICT 4,,99,23838,15,Flathead,,False,3004,IND,Independent,PCT 23,0,0,450000000001612,PUBLIC SERVICE COMMISSIONER, DISTRICT 4,0,0,71,130,1,False,ELENA EVANS,0,0,
MapData:#MontanaWebServices,PUBLIC SERVICE COMMISSIONER DISTRICT 4,,99,23837,15,Flathead,,False,3004,REP,Republican,PCT 24,0,0,450000000001612,PUBLIC SERVICE COMMISSIONER, DISTRICT 4,0,0,72,130,1,False,JENNIFER  FIELDER,0,0,
MapData:#MontanaWebServices,PUBLIC SERVICE COMMISSIONER DISTRICT 4,,99,23838,15,Flathead,,False,3004,IND,Independent,PCT 24,0,0,450000000001612,PUBLIC SERVICE COMMISSIONER, DISTRICT 4,0,0,72,130,1,False,ELENA EVANS,0,0,
MapData:#MontanaWebServices,PUBLIC SERVICE COMMISSIONER DISTRICT 4,,99,23837,15,Flathead,,False,3004,REP,Republican,PCT 30,0,0,450000000001612,PUBLIC SERVICE COMMISSIONER, DISTRICT 4,0,0,78,130,1,False,JENNIFER  FIELDER,0,0,
MapData:#MontanaWebServices,PUBLIC SERVICE COMMISSIONER DISTRICT 4,,99,23838,15,Flathead,,False,3004,IND,Independent,PCT 30,0,0,450000000001612,PUBLIC SERVICE COMMISSIONER, DISTRICT 4,0,0,78,130,1,False,ELENA EVANS,0,0,
MapData:#MontanaWebServices,PUBLIC SERVICE COMMISSIONER DISTRICT 4,,99,23837,15,Flathead,,False,3004,REP,Republican,PCT 31,0,0,450000000001612,PUBLIC SERVICE COMMISSIONER, DISTRICT 4,0,0,79,130,1,False,JENNIFER  FIELDER,0,0,
MapData:#MontanaWebServices,PUBLIC SERVICE COMMISSIONER DISTRICT 4,,99,23838,15,Flathead,,False,3004,IND,Independent,PCT 31,0,0,450000000001612,PUBLIC SERVICE COMMISSIONER, DISTRICT 4,0,0,79,130,1,False,ELENA EVANS,0,0,
MapData:#MontanaWebServices,PUBLIC SERVICE COMMISSIONER DISTRICT 4,,99,23837,15,Flathead,,False,3004,REP,Republican,PCT 32,0,0,450000000001612,PUBLIC SERVICE COMMISSIONER, DISTRICT 4,0,0,80,130,1,False,JENNIFER  FIELDER,0,0,
MapData:#MontanaWebServices,PUBLIC SERVICE COMMISSIONER DISTRICT 4,,99,23838,15,Flathead,,False,3004,IND,Independent,PCT 32,0,0,450000000001612,PUBLIC SERVICE COMMISSIONER, DISTRICT 4,0,0,80,130,1,False,ELENA EVANS,0,0,
MapData:#MontanaWebServices,PUBLIC SERVICE COMMISSIONER DISTRICT 4,,99,23837,15,Flathead,,False,3004,REP,Republican,PCT 33,0,0,450000000001612,PUBLIC SERVICE COMMISSIONER, DISTRICT 4,0,0,81,130,1,False,JENNIFER  FIELDER,0,0,
MapData:#MontanaWebServices,PUBLIC SERVICE COMMISSIONER DISTRICT 4,,99,23838,15,Flathead,,False,3004,IND,Independent,PCT 33,0,0,450000000001612,PUBLIC SERVICE COMMISSIONER, DISTRICT 4,0,0,81,130,1,False,ELENA EVANS,0,0,
MapData:#MontanaWebServices,PUBLIC SERVICE COMMISSIONER DISTRICT 4,,99,23837,15,Flathead,,False,3004,REP,Republican,PCT 34,0,0,450000000001612,PUBLIC SERVICE COMMISSIONER, DISTRICT 4,0,0,82,130,1,False,JENNIFER  FIELDER,0,0,
MapData:#MontanaWebServices,PUBLIC SERVICE COMMISSIONER DISTRICT 4,,99,23838,15,Flathead,,False,3004,IND,Independent,PCT 34,0,0,450000000001612,PUBLIC SERVICE COMMISSIONER, DISTRICT 4,0,0,82,130,1,False,ELENA EVANS,0,0,
MapData:#MontanaWebServices,PUBLIC SERVICE COMMISSIONER DISTRICT 4,,99,23837,15,Flathead,,False,3004,REP,Republican,PCT 35,0,0,450000000001612,PUBLIC SERVICE COMMISSIONER, DISTRICT 4,0,0,83,130,1,False,JENNIFER  FIELDER,0,0,
MapData:#MontanaWebServices,PUBLIC SERVICE COMMISSIONER DISTRICT 4,,99,23838,15,Flathead,,False,3004,IND,Independent,PCT 35,0,0,450000000001612,PUBLIC SERVICE COMMISSIONER, DISTRICT 4,0,0,83,130,1,False,ELENA EVANS,0,0,
MapData:#MontanaWebServices,PUBLIC SERVICE COMMISSIONER DISTRICT 4,,99,23837,15,Flathead,,False,3004,REP,Republican,PCT 36,0,0,450000000001612,PUBLIC SERVICE COMMISSIONER, DISTRICT 4,0,0,84,130,1,False,JENNIFER  FIELDER,0,0,
MapData:#MontanaWebServices,PUBLIC SERVICE COMMISSIONER DISTRICT 4,,99,23838,15,Flathead,,False,3004,IND,Independent,PCT 36,0,0,450000000001612,PUBLIC SERVICE COMMISSIONER, DISTRICT 4,0,0,84,130,1,False,ELENA EVANS,0,0,
MapData:#MontanaWebServices,PUBLIC SERVICE COMMISSIONER DISTRICT 4,,99,23837,15,Flathead,,False,3004,REP,Republican,PCT 37,0,0,450000000001612,PUBLIC SERVICE COMMISSIONER, DISTRICT 4,0,0,85,130,1,False,JENNIFER  FIELDER,0,0,
MapData:#MontanaWebServices,PUBLIC SERVICE COMMISSIONER DISTRICT 4,,99,23838,15,Flathead,,False,3004,IND,Independent,PCT 37,0,0,450000000001612,PUBLIC SERVICE COMMISSIONER, DISTRICT 4,0,0,85,130,1,False,ELENA EVANS,0,0,
MapData:#MontanaWebServices,PUBLIC SERVICE COMMISSIONER DISTRICT 4,,99,23837,15,Flathead,,False,3004,REP,Republican,PCT 38,0,0,450000000001612,PUBLIC SERVICE COMMISSIONER, DISTRICT 4,0,0,86,130,1,False,JENNIFER  FIELDER,0,0,
MapData:#MontanaWebServices,PUBLIC SERVICE COMMISSIONER DISTRICT 4,,99,23838,15,Flathead,,False,3004,IND,Independent,PCT 38,0,0,450000000001612,PUBLIC SERVICE COMMISSIONER, DISTRICT 4,0,0,86,130,1,False,ELENA EVANS,0,0,
MapData:#MontanaWebServices,PUBLIC SERVICE COMMISSIONER DISTRICT 4,,99,23837,15,Flathead,,False,3004,REP,Republican,PCT 39,0,0,450000000001612,PUBLIC SERVICE COMMISSIONER, DISTRICT 4,0,0,87,130,1,False,JENNIFER  FIELDER,0,0,
MapData:#MontanaWebServices,PUBLIC SERVICE COMMISSIONER DISTRICT 4,,99,23838,15,Flathead,,False,3004,IND,Independent,PCT 39,0,0,450000000001612,PUBLIC SERVICE COMMISSIONER, DISTRICT 4,0,0,87,130,1,False,ELENA EVANS,0,0,
MapData:#MontanaWebServices,PUBLIC SERVICE COMMISSIONER DISTRICT 4,,99,23837,15,Flathead,,False,3004,REP,Republican,PCT 40,0,0,450000000001612,PUBLIC SERVICE COMMISSIONER, DISTRICT 4,0,0,88,130,1,False,JENNIFER  FIELDER,0,0,
MapData:#MontanaWebServices,PUBLIC SERVICE COMMISSIONER DISTRICT 4,,99,23838,15,Flathead,,False,3004,IND,Independent,PCT 40,0,0,450000000001612,PUBLIC SERVICE COMMISSIONER, DISTRICT 4,0,0,88,130,1,False,ELENA EVANS,0,0,
MapData:#MontanaWebServices,PUBLIC SERVICE COMMISSIONER DISTRICT 4,,99,23837,15,Flathead,,False,3004,REP,Republican,PCT 41,0,0,450000000001612,PUBLIC SERVICE COMMISSIONER, DISTRICT 4,0,0,89,130,1,False,JENNIFER  FIELDER,0,0,
MapData:#MontanaWebServices,PUBLIC SERVICE COMMISSIONER DISTRICT 4,,99,23838,15,Flathead,,False,3004,IND,Independent,PCT 41,0,0,450000000001612,PUBLIC SERVICE COMMISSIONER, DISTRICT 4,0,0,89,130,1,False,ELENA EVANS,0,0,
MapData:#MontanaWebServices,PUBLIC SERVICE COMMISSIONER DISTRICT 4,,99,23837,15,Flathead,,False,3004,REP,Republican,PCT 42,0,0,450000000001612,PUBLIC SERVICE COMMISSIONER, DISTRICT 4,0,0,90,130,1,False,JENNIFER  FIELDER,0,0,
MapData:#MontanaWebServices,PUBLIC SERVICE COMMISSIONER DISTRICT 4,,99,23838,15,Flathead,,False,3004,IND,Independent,PCT 42,0,0,450000000001612,PUBLIC SERVICE COMMISSIONER, DISTRICT 4,0,0,90,130,1,False,ELENA EVANS,0,0,
MapData:#MontanaWebServices,PUBLIC SERVICE COMMISSIONER DISTRICT 4,,99,23837,15,Flathead,,False,3004,REP,Republican,PCT 43,0,0,450000000001612,PUBLIC SERVICE COMMISSIONER, DISTRICT 4,0,0,91,130,1,False,JENNIFER  FIELDER,0,0,
MapData:#MontanaWebServices,PUBLIC SERVICE COMMISSIONER DISTRICT 4,,99,23838,15,Flathead,,False,3004,IND,Independent,PCT 43,0,0,450000000001612,PUBLIC SERVICE COMMISSIONER, DISTRICT 4,0,0,91,130,1,False,ELENA EVANS,0,0,
MapData:#MontanaWebServices,PUBLIC SERVICE COMMISSIONER DISTRICT 4,,99,23837,15,Flathead,,False,3004,REP,Republican,PCT 44,0,0,450000000001612,PUBLIC SERVICE COMMISSIONER, DISTRICT 4,0,0,92,130,1,False,JENNIFER  FIELDER,0,0,
MapData:#MontanaWebServices,PUBLIC SERVICE COMMISSIONER DISTRICT 4,,99,23838,15,Flathead,,False,3004,IND,Independent,PCT 44,0,0,450000000001612,PUBLIC SERVICE COMMISSIONER, DISTRICT 4,0,0,92,130,1,False,ELENA EVANS,0,0,
MapData:#MontanaWebServices,PUBLIC SERVICE COMMISSIONER DISTRICT 4,,99,23837,15,Flathead,,False,3004,REP,Republican,PCT 45,0,0,450000000001612,PUBLIC SERVICE COMMISSIONER, DISTRICT 4,0,0,93,130,1,False,JENNIFER  FIELDER,0,0,
MapData:#MontanaWebServices,PUBLIC SERVICE COMMISSIONER DISTRICT 4,,99,23838,15,Flathead,,False,3004,IND,Independent,PCT 45,0,0,450000000001612,PUBLIC SERVICE COMMISSIONER, DISTRICT 4,0,0,93,130,1,False,ELENA EVANS,0,0,
MapData:#MontanaWebServices,PUBLIC SERVICE COMMISSIONER DISTRICT 4,,99,23837,15,Flathead,,False,3004,REP,Republican,PCT 53,0,0,450000000001612,PUBLIC SERVICE COMMISSIONER, DISTRICT 4,0,0,100,130,1,False,JENNIFER  FIELDER,0,0,
MapData:#MontanaWebServices,PUBLIC SERVICE COMMISSIONER DISTRICT 4,,99,23838,15,Flathead,,False,3004,IND,Independent,PCT 53,0,0,450000000001612,PUBLIC SERVICE COMMISSIONER, DISTRICT 4,0,0,100,130,1,False,ELENA EVANS,0,0,
MapData:#MontanaWebServices,PUBLIC SERVICE COMMISSIONER DISTRICT 4,,99,23837,15,Flathead,,False,3004,REP,Republican,PCT 54,0,0,450000000001612,PUBLIC SERVICE COMMISSIONER, DISTRICT 4,0,0,101,130,1,False,JENNIFER  FIELDER,0,0,
MapData:#MontanaWebServices,PUBLIC SERVICE COMMISSIONER DISTRICT 4,,99,23838,15,Flathead,,False,3004,IND,Independent,PCT 54,0,0,450000000001612,PUBLIC SERVICE COMMISSIONER, DISTRICT 4,0,0,101,130,1,False,ELENA EVANS,0,0,
MapData:#MontanaWebServices,PUBLIC SERVICE COMMISSIONER DISTRICT 4,,99,23837,15,Flathead,,False,3004,REP,Republican,PCT 55,0,0,450000000001612,PUBLIC SERVICE COMMISSIONER, DISTRICT 4,0,0,102,130,1,False,JENNIFER  FIELDER,0,0,
MapData:#MontanaWebServices,PUBLIC SERVICE COMMISSIONER DISTRICT 4,,99,23838,15,Flathead,,False,3004,IND,Independent,PCT 55,0,0,450000000001612,PUBLIC SERVICE COMMISSIONER, DISTRICT 4,0,0,102,130,1,False,ELENA EVANS,0,0,
MapData:#MontanaWebServices,PUBLIC SERVICE COMMISSIONER DISTRICT 4,,99,23837,24,Lake,,False,3004,REP,Republican,BEA 01 HD12,0,0,450000000001612,PUBLIC SERVICE COMMISSIONER, DISTRICT 4,0,0,36,130,1,False,JENNIFER  FIELDER,0,0,
MapData:#MontanaWebServices,PUBLIC SERVICE COMMISSIONER DISTRICT 4,,99,23838,24,Lake,,False,3004,IND,Independent,BEA 01 HD12,0,0,450000000001612,PUBLIC SERVICE COMMISSIONER, DISTRICT 4,0,0,36,130,1,False,ELENA EVANS,0,0,
MapData:#MontanaWebServices,PUBLIC SERVICE COMMISSIONER DISTRICT 4,,99,23837,24,Lake,,False,3004,REP,Republican,DAY 01 HD12,0,0,450000000001612,PUBLIC SERVICE COMMISSIONER, DISTRICT 4,0,0,42,130,1,False,JENNIFER  FIELDER,0,0,
MapData:#MontanaWebServices,PUBLIC SERVICE COMMISSIONER DISTRICT 4,,99,23838,24,Lake,,False,3004,IND,Independent,DAY 01 HD12,0,0,450000000001612,PUBLIC SERVICE COMMISSIONER, DISTRICT 4,0,0,42,130,1,False,ELENA EVANS,0,0,
MapData:#MontanaWebServices,PUBLIC SERVICE COMMISSIONER DISTRICT 4,,99,23837,24,Lake,,False,3004,REP,Republican,FER 01 HD12,0,0,450000000001612,PUBLIC SERVICE COMMISSIONER, DISTRICT 4,0,0,45,130,1,False,JENNIFER  FIELDER,0,0,
MapData:#MontanaWebServices,PUBLIC SERVICE COMMISSIONER DISTRICT 4,,99,23838,24,Lake,,False,3004,IND,Independent,FER 01 HD12,0,0,450000000001612,PUBLIC SERVICE COMMISSIONER, DISTRICT 4,0,0,45,130,1,False,ELENA EVANS,0,0,
MapData:#MontanaWebServices,PUBLIC SERVICE COMMISSIONER DISTRICT 4,,99,23837,24,Lake,,False,3004,REP,Republican,PAB 01 HD13,0,0,450000000001612,PUBLIC SERVICE COMMISSIONER, DISTRICT 4,0,0,47,130,1,False,JENNIFER  FIELDER,0,0,
MapData:#MontanaWebServices,PUBLIC SERVICE COMMISSIONER DISTRICT 4,,99,23838,24,Lake,,False,3004,IND,Independent,PAB 01 HD13,0,0,450000000001612,PUBLIC SERVICE COMMISSIONER, DISTRICT 4,0,0,47,130,1,False,ELENA EVANS,0,0,
MapData:#MontanaWebServices,PUBLIC SERVICE COMMISSIONER DISTRICT 4,,99,23837,24,Lake,,False,3004,REP,Republican,POL 01 HD12,0,0,450000000001612,PUBLIC SERVICE COMMISSIONER, DISTRICT 4,0,0,53,130,1,False,JENNIFER  FIELDER,0,0,
MapData:#MontanaWebServices,PUBLIC SERVICE COMMISSIONER DISTRICT 4,,99,23838,24,Lake,,False,3004,IND,Independent,POL 01 HD12,0,0,450000000001612,PUBLIC SERVICE COMMISSIONER, DISTRICT 4,0,0,53,130,1,False,ELENA EVANS,0,0,
MapData:#MontanaWebServices,PUBLIC SERVICE COMMISSIONER DISTRICT 4,,99,23837,24,Lake,,False,3004,REP,Republican,POL 02 HD13,0,0,450000000001612,PUBLIC SERVICE COMMISSIONER, DISTRICT 4,0,0,58,130,1,False,JENNIFER  FIELDER,0,0,
MapData:#MontanaWebServices,PUBLIC SERVICE COMMISSIONER DISTRICT 4,,99,23838,24,Lake,,False,3004,IND,Independent,POL 02 HD13,0,0,450000000001612,PUBLIC SERVICE COMMISSIONER, DISTRICT 4,0,0,58,130,1,False,ELENA EVANS,0,0,
MapData:#MontanaWebServices,PUBLIC SERVICE COMMISSIONER DISTRICT 4,,99,23837,24,Lake,,False,3004,REP,Republican,POL 03 HD13,0,0,450000000001612,PUBLIC SERVICE COMMISSIONER, DISTRICT 4,0,0,62,130,1,False,JENNIFER  FIELDER,0,0,
MapData:#MontanaWebServices,PUBLIC SERVICE COMMISSIONER DISTRICT 4,,99,23838,24,Lake,,False,3004,IND,Independent,POL 03 HD13,0,0,450000000001612,PUBLIC SERVICE COMMISSIONER, DISTRICT 4,0,0,62,130,1,False,ELENA EVANS,0,0,
MapData:#MontanaWebServices,PUBLIC SERVICE COMMISSIONER DISTRICT 4,,99,23837,24,Lake,,False,3004,REP,Republican,POL 04 HD13,0,0,450000000001612,PUBLIC SERVICE COMMISSIONER, DISTRICT 4,0,0,69,130,1,False,JENNIFER  FIELDER,0,0,
MapData:#MontanaWebServices,PUBLIC SERVICE COMMISSIONER DISTRICT 4,,99,23838,24,Lake,,False,3004,IND,Independent,POL 04 HD13,0,0,450000000001612,PUBLIC SERVICE COMMISSIONER, DISTRICT 4,0,0,69,130,1,False,ELENA EVANS,0,0,
MapData:#MontanaWebServices,PUBLIC SERVICE COMMISSIONER DISTRICT 4,,99,23837,24,Lake,,False,3004,REP,Republican,POL 05 HD13,0,0,450000000001612,PUBLIC SERVICE COMMISSIONER, DISTRICT 4,0,0,73,130,1,False,JENNIFER  FIELDER,0,0,
MapData:#MontanaWebServices,PUBLIC SERVICE COMMISSIONER DISTRICT 4,,99,23838,24,Lake,,False,3004,IND,Independent,POL 05 HD13,0,0,450000000001612,PUBLIC SERVICE COMMISSIONER, DISTRICT 4,0,0,73,130,1,False,ELENA EVANS,0,0,
MapData:#MontanaWebServices,PUBLIC SERVICE COMMISSIONER DISTRICT 4,,99,23837,24,Lake,,False,3004,REP,Republican,POL 06 HD13,0,0,450000000001612,PUBLIC SERVICE COMMISSIONER, DISTRICT 4,0,0,77,130,1,False,JENNIFER  FIELDER,0,0,
MapData:#MontanaWebServices,PUBLIC SERVICE COMMISSIONER DISTRICT 4,,99,23838,24,Lake,,False,3004,IND,Independent,POL 06 HD13,0,0,450000000001612,PUBLIC SERVICE COMMISSIONER, DISTRICT 4,0,0,77,130,1,False,ELENA EVANS,0,0,
MapData:#MontanaWebServices,PUBLIC SERVICE COMMISSIONER DISTRICT 4,,99,23837,24,Lake,,False,3004,REP,Republican,POL 07 HD13,0,0,450000000001612,PUBLIC SERVICE COMMISSIONER, DISTRICT 4,0,0,81,130,1,False,JENNIFER  FIELDER,0,0,
MapData:#MontanaWebServices,PUBLIC SERVICE COMMISSIONER DISTRICT 4,,99,23838,24,Lake,,False,3004,IND,Independent,POL 07 HD13,0,0,450000000001612,PUBLIC SERVICE COMMISSIONER, DISTRICT 4,0,0,81,130,1,False,ELENA EVANS,0,0,
MapData:#MontanaWebServices,PUBLIC SERVICE COMMISSIONER DISTRICT 4,,99,23837,24,Lake,,False,3004,REP,Republican,POL 08 HD12,0,0,450000000001612,PUBLIC SERVICE COMMISSIONER, DISTRICT 4,0,0,84,130,1,False,JENNIFER  FIELDER,0,0,
MapData:#MontanaWebServices,PUBLIC SERVICE COMMISSIONER DISTRICT 4,,99,23838,24,Lake,,False,3004,IND,Independent,POL 08 HD12,0,0,450000000001612,PUBLIC SERVICE COMMISSIONER, DISTRICT 4,0,0,84,130,1,False,ELENA EVANS,0,0,
MapData:#MontanaWebServices,PUBLIC SERVICE COMMISSIONER DISTRICT 4,,99,23837,24,Lake,,False,3004,REP,Republican,RON-03 HD13,0,0,450000000001612,PUBLIC SERVICE COMMISSIONER, DISTRICT 4,0,0,96,130,1,False,JENNIFER  FIELDER,0,0,
MapData:#MontanaWebServices,PUBLIC SERVICE COMMISSIONER DISTRICT 4,,99,23838,24,Lake,,False,3004,IND,Independent,RON-03 HD13,0,0,450000000001612,PUBLIC SERVICE COMMISSIONER, DISTRICT 4,0,0,96,130,1,False,ELENA EVANS,0,0,
MapData:#MontanaWebServices,PUBLIC SERVICE COMMISSIONER DISTRICT 4,,99,23837,24,Lake,,False,3004,REP,Republican,SWA 01 HD12,0,0,450000000001612,PUBLIC SERVICE COMMISSIONER, DISTRICT 4,0,0,100,130,1,False,JENNIFER  FIELDER,0,0,
MapData:#MontanaWebServices,PUBLIC SERVICE COMMISSIONER DISTRICT 4,,99,23838,24,Lake,,False,3004,IND,Independent,SWA 01 HD12,0,0,450000000001612,PUBLIC SERVICE COMMISSIONER, DISTRICT 4,0,0,100,130,1,False,ELENA EVANS,0,0,
MapData:#MontanaWebServices,PUBLIC SERVICE COMMISSIONER DISTRICT 4,,99,23837,27,Lincoln,,False,3004,REP,Republican,CITY OF LIBBY 9,0,0,450000000001612,PUBLIC SERVICE COMMISSIONER, DISTRICT 4,0,0,21,130,1,False,JENNIFER  FIELDER,0,0,
MapData:#MontanaWebServices,PUBLIC SERVICE COMMISSIONER DISTRICT 4,,99,23838,27,Lincoln,,False,3004,IND,Independent,CITY OF LIBBY 9,0,0,450000000001612,PUBLIC SERVICE COMMISSIONER, DISTRICT 4,0,0,21,130,1,False,ELENA EVANS,0,0,
MapData:#MontanaWebServices,PUBLIC SERVICE COMMISSIONER DISTRICT 4,,99,23837,27,Lincoln,,False,3004,REP,Republican,CITY OF TROY 7,0,0,450000000001612,PUBLIC SERVICE COMMISSIONER, DISTRICT 4,0,0,23,130,1,False,JENNIFER  FIELDER,0,0,
MapData:#MontanaWebServices,PUBLIC SERVICE COMMISSIONER DISTRICT 4,,99,23838,27,Lincoln,,False,3004,IND,Independent,CITY OF TROY 7,0,0,450000000001612,PUBLIC SERVICE COMMISSIONER, DISTRICT 4,0,0,23,130,1,False,ELENA EVANS,0,0,
MapData:#MontanaWebServices,PUBLIC SERVICE COMMISSIONER DISTRICT 4,,99,23837,27,Lincoln,,False,3004,REP,Republican,EUREKA NORTH 16,0,0,450000000001612,PUBLIC SERVICE COMMISSIONER, DISTRICT 4,0,0,26,130,1,False,JENNIFER  FIELDER,0,0,
MapData:#MontanaWebServices,PUBLIC SERVICE COMMISSIONER DISTRICT 4,,99,23838,27,Lincoln,,False,3004,IND,Independent,EUREKA NORTH 16,0,0,450000000001612,PUBLIC SERVICE COMMISSIONER, DISTRICT 4,0,0,26,130,1,False,ELENA EVANS,0,0,
MapData:#MontanaWebServices,PUBLIC SERVICE COMMISSIONER DISTRICT 4,,99,23837,27,Lincoln,,False,3004,REP,Republican,EUREKA SOUTH 15,0,0,450000000001612,PUBLIC SERVICE COMMISSIONER, DISTRICT 4,0,0,15,130,1,False,JENNIFER  FIELDER,0,0,
MapData:#MontanaWebServices,PUBLIC SERVICE COMMISSIONER DISTRICT 4,,99,23838,27,Lincoln,,False,3004,IND,Independent,EUREKA SOUTH 15,0,0,450000000001612,PUBLIC SERVICE COMMISSIONER, DISTRICT 4,0,0,15,130,1,False,ELENA EVANS,0,0,
MapData:#MontanaWebServices,PUBLIC SERVICE COMMISSIONER DISTRICT 4,,99,23837,27,Lincoln,,False,3004,REP,Republican,FORTINE 1,0,0,450000000001612,PUBLIC SERVICE COMMISSIONER, DISTRICT 4,0,0,29,130,1,False,JENNIFER  FIELDER,0,0,
MapData:#MontanaWebServices,PUBLIC SERVICE COMMISSIONER DISTRICT 4,,99,23838,27,Lincoln,,False,3004,IND,Independent,FORTINE 1,0,0,450000000001612,PUBLIC SERVICE COMMISSIONER, DISTRICT 4,0,0,29,130,1,False,ELENA EVANS,0,0,
MapData:#MontanaWebServices,PUBLIC SERVICE COMMISSIONER DISTRICT 4,,99,23837,27,Lincoln,,False,3004,REP,Republican,LIBBY EAST 11,0,0,450000000001612,PUBLIC SERVICE COMMISSIONER, DISTRICT 4,0,0,19,130,1,False,JENNIFER  FIELDER,0,0,
MapData:#MontanaWebServices,PUBLIC SERVICE COMMISSIONER DISTRICT 4,,99,23838,27,Lincoln,,False,3004,IND,Independent,LIBBY EAST 11,0,0,450000000001612,PUBLIC SERVICE COMMISSIONER, DISTRICT 4,0,0,19,130,1,False,ELENA EVANS,0,0,
MapData:#MontanaWebServices,PUBLIC SERVICE COMMISSIONER DISTRICT 4,,99,23837,27,Lincoln,,False,3004,REP,Republican,LIBBY NORTH 10,0,0,450000000001612,PUBLIC SERVICE COMMISSIONER, DISTRICT 4,0,0,20,130,1,False,JENNIFER  FIELDER,0,0,
MapData:#MontanaWebServices,PUBLIC SERVICE COMMISSIONER DISTRICT 4,,99,23838,27,Lincoln,,False,3004,IND,Independent,LIBBY NORTH 10,0,0,450000000001612,PUBLIC SERVICE COMMISSIONER, DISTRICT 4,0,0,20,130,1,False,ELENA EVANS,0,0,
MapData:#MontanaWebServices,PUBLIC SERVICE COMMISSIONER DISTRICT 4,,99,23837,27,Lincoln,,False,3004,REP,Republican,LIBBY SOUTH 12,0,0,450000000001612,PUBLIC SERVICE COMMISSIONER, DISTRICT 4,0,0,18,130,1,False,JENNIFER  FIELDER,0,0,
MapData:#MontanaWebServices,PUBLIC SERVICE COMMISSIONER DISTRICT 4,,99,23838,27,Lincoln,,False,3004,IND,Independent,LIBBY SOUTH 12,0,0,450000000001612,PUBLIC SERVICE COMMISSIONER, DISTRICT 4,0,0,18,130,1,False,ELENA EVANS,0,0,
MapData:#MontanaWebServices,PUBLIC SERVICE COMMISSIONER DISTRICT 4,,99,23837,27,Lincoln,,False,3004,REP,Republican,LIBBY WEST 13,0,0,450000000001612,PUBLIC SERVICE COMMISSIONER, DISTRICT 4,0,0,17,130,1,False,JENNIFER  FIELDER,0,0,
MapData:#MontanaWebServices,PUBLIC SERVICE COMMISSIONER DISTRICT 4,,99,23838,27,Lincoln,,False,3004,IND,Independent,LIBBY WEST 13,0,0,450000000001612,PUBLIC SERVICE COMMISSIONER, DISTRICT 4,0,0,17,130,1,False,ELENA EVANS,0,0,
MapData:#MontanaWebServices,PUBLIC SERVICE COMMISSIONER DISTRICT 4,,99,23837,27,Lincoln,,False,3004,REP,Republican,MCCORMICK 6,0,0,450000000001612,PUBLIC SERVICE COMMISSIONER, DISTRICT 4,0,0,24,130,1,False,JENNIFER  FIELDER,0,0,
MapData:#MontanaWebServices,PUBLIC SERVICE COMMISSIONER DISTRICT 4,,99,23838,27,Lincoln,,False,3004,IND,Independent,MCCORMICK 6,0,0,450000000001612,PUBLIC SERVICE COMMISSIONER, DISTRICT 4,0,0,24,130,1,False,ELENA EVANS,0,0,
MapData:#MontanaWebServices,PUBLIC SERVICE COMMISSIONER DISTRICT 4,,99,23837,27,Lincoln,,False,3004,REP,Republican,TOWN OF EUREKA 4,0,0,450000000001612,PUBLIC SERVICE COMMISSIONER, DISTRICT 4,0,0,27,130,1,False,JENNIFER  FIELDER,0,0,
MapData:#MontanaWebServices,PUBLIC SERVICE COMMISSIONER DISTRICT 4,,99,23838,27,Lincoln,,False,3004,IND,Independent,TOWN OF EUREKA 4,0,0,450000000001612,PUBLIC SERVICE COMMISSIONER, DISTRICT 4,0,0,27,130,1,False,ELENA EVANS,0,0,
MapData:#MontanaWebServices,PUBLIC SERVICE COMMISSIONER DISTRICT 4,,99,23837,27,Lincoln,,False,3004,REP,Republican,TREGO 2,0,0,450000000001612,PUBLIC SERVICE COMMISSIONER, DISTRICT 4,0,0,28,130,1,False,JENNIFER  FIELDER,0,0,
MapData:#MontanaWebServices,PUBLIC SERVICE COMMISSIONER DISTRICT 4,,99,23838,27,Lincoln,,False,3004,IND,Independent,TREGO 2,0,0,450000000001612,PUBLIC SERVICE COMMISSIONER, DISTRICT 4,0,0,28,130,1,False,ELENA EVANS,0,0,
MapData:#MontanaWebServices,PUBLIC SERVICE COMMISSIONER DISTRICT 4,,99,23837,27,Lincoln,,False,3004,REP,Republican,TROY NORTH 14,0,0,450000000001612,PUBLIC SERVICE COMMISSIONER, DISTRICT 4,0,0,16,130,1,False,JENNIFER  FIELDER,0,0,
MapData:#MontanaWebServices,PUBLIC SERVICE COMMISSIONER DISTRICT 4,,99,23838,27,Lincoln,,False,3004,IND,Independent,TROY NORTH 14,0,0,450000000001612,PUBLIC SERVICE COMMISSIONER, DISTRICT 4,0,0,16,130,1,False,ELENA EVANS,0,0,
MapData:#MontanaWebServices,PUBLIC SERVICE COMMISSIONER DISTRICT 4,,99,23837,27,Lincoln,,False,3004,REP,Republican,TROY SOUTH 8,0,0,450000000001612,PUBLIC SERVICE COMMISSIONER, DISTRICT 4,0,0,22,130,1,False,JENNIFER  FIELDER,0,0,
MapData:#MontanaWebServices,PUBLIC SERVICE COMMISSIONER DISTRICT 4,,99,23838,27,Lincoln,,False,3004,IND,Independent,TROY SOUTH 8,0,0,450000000001612,PUBLIC SERVICE COMMISSIONER, DISTRICT 4,0,0,22,130,1,False,ELENA EVANS,0,0,
MapData:#MontanaWebServices,PUBLIC SERVICE COMMISSIONER DISTRICT 4,,99,23837,27,Lincoln,,False,3004,REP,Republican,YAAK 5,0,0,450000000001612,PUBLIC SERVICE COMMISSIONER, DISTRICT 4,0,0,25,130,1,False,JENNIFER  FIELDER,0,0,
MapData:#MontanaWebServices,PUBLIC SERVICE COMMISSIONER DISTRICT 4,,99,23838,27,Lincoln,,False,3004,IND,Independent,YAAK 5,0,0,450000000001612,PUBLIC SERVICE COMMISSIONER, DISTRICT 4,0,0,25,130,1,False,ELENA EVANS,0,0,
MapData:#MontanaWebServices,PUBLIC SERVICE COMMISSIONER DISTRICT 4,,99,23837,31,Mineral,,False,3004,REP,Republican,ALBERTON,0,0,450000000001612,PUBLIC SERVICE COMMISSIONER, DISTRICT 4,0,0,1,130,1,False,JENNIFER  FIELDER,0,0,
MapData:#MontanaWebServices,PUBLIC SERVICE COMMISSIONER DISTRICT 4,,99,23838,31,Mineral,,False,3004,IND,Independent,ALBERTON,0,0,450000000001612,PUBLIC SERVICE COMMISSIONER, DISTRICT 4,0,0,1,130,1,False,ELENA EVANS,0,0,
MapData:#MontanaWebServices,PUBLIC SERVICE COMMISSIONER DISTRICT 4,,99,23837,31,Mineral,,False,3004,REP,Republican,ST. REGIS,0,0,450000000001612,PUBLIC SERVICE COMMISSIONER, DISTRICT 4,0,0,2,130,1,False,JENNIFER  FIELDER,0,0,
MapData:#MontanaWebServices,PUBLIC SERVICE COMMISSIONER DISTRICT 4,,99,23838,31,Mineral,,False,3004,IND,Independent,ST. REGIS,0,0,450000000001612,PUBLIC SERVICE COMMISSIONER, DISTRICT 4,0,0,2,130,1,False,ELENA EVANS,0,0,
MapData:#MontanaWebServices,PUBLIC SERVICE COMMISSIONER DISTRICT 4,,99,23837,31,Mineral,,False,3004,REP,Republican,SUPERIOR_24,0,0,450000000001612,PUBLIC SERVICE COMMISSIONER, DISTRICT 4,0,0,3,130,1,False,JENNIFER  FIELDER,0,0,
MapData:#MontanaWebServices,PUBLIC SERVICE COMMISSIONER DISTRICT 4,,99,23838,31,Mineral,,False,3004,IND,Independent,SUPERIOR_24,0,0,450000000001612,PUBLIC SERVICE COMMISSIONER, DISTRICT 4,0,0,3,130,1,False,ELENA EVANS,0,0,
MapData:#MontanaWebServices,PUBLIC SERVICE COMMISSIONER DISTRICT 4,,99,23837,31,Mineral,,False,3004,REP,Republican,SUPERIOR_25,0,0,450000000001612,PUBLIC SERVICE COMMISSIONER, DISTRICT 4,0,0,4,130,1,False,JENNIFER  FIELDER,0,0,
MapData:#MontanaWebServices,PUBLIC SERVICE COMMISSIONER DISTRICT 4,,99,23838,31,Mineral,,False,3004,IND,Independent,SUPERIOR_25,0,0,450000000001612,PUBLIC SERVICE COMMISSIONER, DISTRICT 4,0,0,4,130,1,False,ELENA EVANS,0,0,
MapData:#MontanaWebServices,PUBLIC SERVICE COMMISSIONER DISTRICT 4,,99,23837,31,Mineral,,False,3004,REP,Republican,SUPERIOR_30,0,0,450000000001612,PUBLIC SERVICE COMMISSIONER, DISTRICT 4,0,0,5,130,1,False,JENNIFER  FIELDER,0,0,
MapData:#MontanaWebServices,PUBLIC SERVICE COMMISSIONER DISTRICT 4,,99,23838,31,Mineral,,False,3004,IND,Independent,SUPERIOR_30,0,0,450000000001612,PUBLIC SERVICE COMMISSIONER, DISTRICT 4,0,0,5,130,1,False,ELENA EVANS,0,0,
MapData:#MontanaWebServices,PUBLIC SERVICE COMMISSIONER DISTRICT 4,,99,23837,31,Mineral,,False,3004,REP,Republican,WEST END,0,0,450000000001612,PUBLIC SERVICE COMMISSIONER, DISTRICT 4,0,0,6,130,1,False,JENNIFER  FIELDER,0,0,
MapData:#MontanaWebServices,PUBLIC SERVICE COMMISSIONER DISTRICT 4,,99,23838,31,Mineral,,False,3004,IND,Independent,WEST END,0,0,450000000001612,PUBLIC SERVICE COMMISSIONER, DISTRICT 4,0,0,6,130,1,False,ELENA EVANS,0,0,
MapData:#MontanaWebServices,PUBLIC SERVICE COMMISSIONER DISTRICT 4,,99,23837,32,Missoula,,False,3004,REP,Republican,BONNER 93,0,0,450000000001612,PUBLIC SERVICE COMMISSIONER, DISTRICT 4,0,0,205,130,1,False,JENNIFER  FIELDER,0,0,
MapData:#MontanaWebServices,PUBLIC SERVICE COMMISSIONER DISTRICT 4,,99,23838,32,Missoula,,False,3004,IND,Independent,BONNER 93,0,0,450000000001612,PUBLIC SERVICE COMMISSIONER, DISTRICT 4,0,0,205,130,1,False,ELENA EVANS,0,0,
MapData:#MontanaWebServices,PUBLIC SERVICE COMMISSIONER DISTRICT 4,,99,23837,32,Missoula,,False,3004,REP,Republican,CLINTON 93,0,0,450000000001612,PUBLIC SERVICE COMMISSIONER, DISTRICT 4,0,0,207,130,1,False,JENNIFER  FIELDER,0,0,
MapData:#MontanaWebServices,PUBLIC SERVICE COMMISSIONER DISTRICT 4,,99,23838,32,Missoula,,False,3004,IND,Independent,CLINTON 93,0,0,450000000001612,PUBLIC SERVICE COMMISSIONER, DISTRICT 4,0,0,207,130,1,False,ELENA EVANS,0,0,
MapData:#MontanaWebServices,PUBLIC SERVICE COMMISSIONER DISTRICT 4,,99,23837,32,Missoula,,False,3004,REP,Republican,COLD SPRINGS 89 A,0,0,450000000001612,PUBLIC SERVICE COMMISSIONER, DISTRICT 4,0,0,208,130,1,False,JENNIFER  FIELDER,0,0,
MapData:#MontanaWebServices,PUBLIC SERVICE COMMISSIONER DISTRICT 4,,99,23838,32,Missoula,,False,3004,IND,Independent,COLD SPRINGS 89 A,0,0,450000000001612,PUBLIC SERVICE COMMISSIONER, DISTRICT 4,0,0,208,130,1,False,ELENA EVANS,0,0,
MapData:#MontanaWebServices,PUBLIC SERVICE COMMISSIONER DISTRICT 4,,99,23837,32,Missoula,,False,3004,REP,Republican,COLD SPRINGS 89 B,0,0,450000000001612,PUBLIC SERVICE COMMISSIONER, DISTRICT 4,0,0,209,130,1,False,JENNIFER  FIELDER,0,0,
MapData:#MontanaWebServices,PUBLIC SERVICE COMMISSIONER DISTRICT 4,,99,23838,32,Missoula,,False,3004,IND,Independent,COLD SPRINGS 89 B,0,0,450000000001612,PUBLIC SERVICE COMMISSIONER, DISTRICT 4,0,0,209,130,1,False,ELENA EVANS,0,0,
MapData:#MontanaWebServices,PUBLIC SERVICE COMMISSIONER DISTRICT 4,,99,23837,32,Missoula,,False,3004,REP,Republican,COLD SPRINGS 93,0,0,450000000001612,PUBLIC SERVICE COMMISSIONER, DISTRICT 4,0,0,210,130,1,False,JENNIFER  FIELDER,0,0,
MapData:#MontanaWebServices,PUBLIC SERVICE COMMISSIONER DISTRICT 4,,99,23838,32,Missoula,,False,3004,IND,Independent,COLD SPRINGS 93,0,0,450000000001612,PUBLIC SERVICE COMMISSIONER, DISTRICT 4,0,0,210,130,1,False,ELENA EVANS,0,0,
MapData:#MontanaWebServices,PUBLIC SERVICE COMMISSIONER DISTRICT 4,,99,23837,32,Missoula,,False,3004,REP,Republican,COLD SPRINGS 94 A,0,0,450000000001612,PUBLIC SERVICE COMMISSIONER, DISTRICT 4,0,0,211,130,1,False,JENNIFER  FIELDER,0,0,
MapData:#MontanaWebServices,PUBLIC SERVICE COMMISSIONER DISTRICT 4,,99,23838,32,Missoula,,False,3004,IND,Independent,COLD SPRINGS 94 A,0,0,450000000001612,PUBLIC SERVICE COMMISSIONER, DISTRICT 4,0,0,211,130,1,False,ELENA EVANS,0,0,
MapData:#MontanaWebServices,PUBLIC SERVICE COMMISSIONER DISTRICT 4,,99,23837,32,Missoula,,False,3004,REP,Republican,COLD SPRINGS 94 B,0,0,450000000001612,PUBLIC SERVICE COMMISSIONER, DISTRICT 4,0,0,212,130,1,False,JENNIFER  FIELDER,0,0,
MapData:#MontanaWebServices,PUBLIC SERVICE COMMISSIONER DISTRICT 4,,99,23838,32,Missoula,,False,3004,IND,Independent,COLD SPRINGS 94 B,0,0,450000000001612,PUBLIC SERVICE COMMISSIONER, DISTRICT 4,0,0,212,130,1,False,ELENA EVANS,0,0,
MapData:#MontanaWebServices,PUBLIC SERVICE COMMISSIONER DISTRICT 4,,99,23837,32,Missoula,,False,3004,REP,Republican,COLD SPRINGS 94 C,0,0,450000000001612,PUBLIC SERVICE COMMISSIONER, DISTRICT 4,0,0,213,130,1,False,JENNIFER  FIELDER,0,0,
MapData:#MontanaWebServices,PUBLIC SERVICE COMMISSIONER DISTRICT 4,,99,23838,32,Missoula,,False,3004,IND,Independent,COLD SPRINGS 94 C,0,0,450000000001612,PUBLIC SERVICE COMMISSIONER, DISTRICT 4,0,0,213,130,1,False,ELENA EVANS,0,0,
MapData:#MontanaWebServices,PUBLIC SERVICE COMMISSIONER DISTRICT 4,,99,23837,32,Missoula,,False,3004,REP,Republican,CS PORTER 96,0,0,450000000001612,PUBLIC SERVICE COMMISSIONER, DISTRICT 4,0,0,214,130,1,False,JENNIFER  FIELDER,0,0,
MapData:#MontanaWebServices,PUBLIC SERVICE COMMISSIONER DISTRICT 4,,99,23838,32,Missoula,,False,3004,IND,Independent,CS PORTER 96,0,0,450000000001612,PUBLIC SERVICE COMMISSIONER, DISTRICT 4,0,0,214,130,1,False,ELENA EVANS,0,0,
MapData:#MontanaWebServices,PUBLIC SERVICE COMMISSIONER DISTRICT 4,,99,23837,32,Missoula,,False,3004,REP,Republican,CS PORTER 97 A,0,0,450000000001612,PUBLIC SERVICE COMMISSIONER, DISTRICT 4,0,0,215,130,1,False,JENNIFER  FIELDER,0,0,
MapData:#MontanaWebServices,PUBLIC SERVICE COMMISSIONER DISTRICT 4,,99,23838,32,Missoula,,False,3004,IND,Independent,CS PORTER 97 A,0,0,450000000001612,PUBLIC SERVICE COMMISSIONER, DISTRICT 4,0,0,215,130,1,False,ELENA EVANS,0,0,
MapData:#MontanaWebServices,PUBLIC SERVICE COMMISSIONER DISTRICT 4,,99,23837,32,Missoula,,False,3004,REP,Republican,CS PORTER 97 B,0,0,450000000001612,PUBLIC SERVICE COMMISSIONER, DISTRICT 4,0,0,216,130,1,False,JENNIFER  FIELDER,0,0,
MapData:#MontanaWebServices,PUBLIC SERVICE COMMISSIONER DISTRICT 4,,99,23838,32,Missoula,,False,3004,IND,Independent,CS PORTER 97 B,0,0,450000000001612,PUBLIC SERVICE COMMISSIONER, DISTRICT 4,0,0,216,130,1,False,ELENA EVANS,0,0,
MapData:#MontanaWebServices,PUBLIC SERVICE COMMISSIONER DISTRICT 4,,99,23837,32,Missoula,,False,3004,REP,Republican,FRENCHTOWN 90 A,0,0,450000000001612,PUBLIC SERVICE COMMISSIONER, DISTRICT 4,0,0,218,130,1,False,JENNIFER  FIELDER,0,0,
MapData:#MontanaWebServices,PUBLIC SERVICE COMMISSIONER DISTRICT 4,,99,23838,32,Missoula,,False,3004,IND,Independent,FRENCHTOWN 90 A,0,0,450000000001612,PUBLIC SERVICE COMMISSIONER, DISTRICT 4,0,0,218,130,1,False,ELENA EVANS,0,0,
MapData:#MontanaWebServices,PUBLIC SERVICE COMMISSIONER DISTRICT 4,,99,23837,32,Missoula,,False,3004,REP,Republican,FRENCHTOWN 90 B,0,0,450000000001612,PUBLIC SERVICE COMMISSIONER, DISTRICT 4,0,0,219,130,1,False,JENNIFER  FIELDER,0,0,
MapData:#MontanaWebServices,PUBLIC SERVICE COMMISSIONER DISTRICT 4,,99,23838,32,Missoula,,False,3004,IND,Independent,FRENCHTOWN 90 B,0,0,450000000001612,PUBLIC SERVICE COMMISSIONER, DISTRICT 4,0,0,219,130,1,False,ELENA EVANS,0,0,
MapData:#MontanaWebServices,PUBLIC SERVICE COMMISSIONER DISTRICT 4,,99,23837,32,Missoula,,False,3004,REP,Republican,HELLGATE 96,0,0,450000000001612,PUBLIC SERVICE COMMISSIONER, DISTRICT 4,0,0,220,130,1,False,JENNIFER  FIELDER,0,0,
MapData:#MontanaWebServices,PUBLIC SERVICE COMMISSIONER DISTRICT 4,,99,23838,32,Missoula,,False,3004,IND,Independent,HELLGATE 96,0,0,450000000001612,PUBLIC SERVICE COMMISSIONER, DISTRICT 4,0,0,220,130,1,False,ELENA EVANS,0,0,
MapData:#MontanaWebServices,PUBLIC SERVICE COMMISSIONER DISTRICT 4,,99,23837,32,Missoula,,False,3004,REP,Republican,HELLGATE 97,0,0,450000000001612,PUBLIC SERVICE COMMISSIONER, DISTRICT 4,0,0,221,130,1,False,JENNIFER  FIELDER,0,0,
MapData:#MontanaWebServices,PUBLIC SERVICE COMMISSIONER DISTRICT 4,,99,23838,32,Missoula,,False,3004,IND,Independent,HELLGATE 97,0,0,450000000001612,PUBLIC SERVICE COMMISSIONER, DISTRICT 4,0,0,221,130,1,False,ELENA EVANS,0,0,
MapData:#MontanaWebServices,PUBLIC SERVICE COMMISSIONER DISTRICT 4,,99,23837,32,Missoula,,False,3004,REP,Republican,HELLGATE 98 A,0,0,450000000001612,PUBLIC SERVICE COMMISSIONER, DISTRICT 4,0,0,222,130,1,False,JENNIFER  FIELDER,0,0,
MapData:#MontanaWebServices,PUBLIC SERVICE COMMISSIONER DISTRICT 4,,99,23838,32,Missoula,,False,3004,IND,Independent,HELLGATE 98 A,0,0,450000000001612,PUBLIC SERVICE COMMISSIONER, DISTRICT 4,0,0,222,130,1,False,ELENA EVANS,0,0,
MapData:#MontanaWebServices,PUBLIC SERVICE COMMISSIONER DISTRICT 4,,99,23837,32,Missoula,,False,3004,REP,Republican,HELLGATE 98 B,0,0,450000000001612,PUBLIC SERVICE COMMISSIONER, DISTRICT 4,0,0,223,130,1,False,JENNIFER  FIELDER,0,0,
MapData:#MontanaWebServices,PUBLIC SERVICE COMMISSIONER DISTRICT 4,,99,23838,32,Missoula,,False,3004,IND,Independent,HELLGATE 98 B,0,0,450000000001612,PUBLIC SERVICE COMMISSIONER, DISTRICT 4,0,0,223,130,1,False,ELENA EVANS,0,0,
MapData:#MontanaWebServices,PUBLIC SERVICE COMMISSIONER DISTRICT 4,,99,23837,32,Missoula,,False,3004,REP,Republican,HELLGATE 98 C,0,0,450000000001612,PUBLIC SERVICE COMMISSIONER, DISTRICT 4,0,0,224,130,1,False,JENNIFER  FIELDER,0,0,
MapData:#MontanaWebServices,PUBLIC SERVICE COMMISSIONER DISTRICT 4,,99,23838,32,Missoula,,False,3004,IND,Independent,HELLGATE 98 C,0,0,450000000001612,PUBLIC SERVICE COMMISSIONER, DISTRICT 4,0,0,224,130,1,False,ELENA EVANS,0,0,
MapData:#MontanaWebServices,PUBLIC SERVICE COMMISSIONER DISTRICT 4,,99,23837,32,Missoula,,False,3004,REP,Republican,HELLGATE 98 D,0,0,450000000001612,PUBLIC SERVICE COMMISSIONER, DISTRICT 4,0,0,225,130,1,False,JENNIFER  FIELDER,0,0,
MapData:#MontanaWebServices,PUBLIC SERVICE COMMISSIONER DISTRICT 4,,99,23838,32,Missoula,,False,3004,IND,Independent,HELLGATE 98 D,0,0,450000000001612,PUBLIC SERVICE COMMISSIONER, DISTRICT 4,0,0,225,130,1,False,ELENA EVANS,0,0,
MapData:#MontanaWebServices,PUBLIC SERVICE COMMISSIONER DISTRICT 4,,99,23837,32,Missoula,,False,3004,REP,Republican,LIBRARY 100 A,0,0,450000000001612,PUBLIC SERVICE COMMISSIONER, DISTRICT 4,0,0,228,130,1,False,JENNIFER  FIELDER,0,0,
MapData:#MontanaWebServices,PUBLIC SERVICE COMMISSIONER DISTRICT 4,,99,23838,32,Missoula,,False,3004,IND,Independent,LIBRARY 100 A,0,0,450000000001612,PUBLIC SERVICE COMMISSIONER, DISTRICT 4,0,0,228,130,1,False,ELENA EVANS,0,0,
MapData:#MontanaWebServices,PUBLIC SERVICE COMMISSIONER DISTRICT 4,,99,23837,32,Missoula,,False,3004,REP,Republican,LIBRARY 100 B,0,0,450000000001612,PUBLIC SERVICE COMMISSIONER, DISTRICT 4,0,0,229,130,1,False,JENNIFER  FIELDER,0,0,
MapData:#MontanaWebServices,PUBLIC SERVICE COMMISSIONER DISTRICT 4,,99,23838,32,Missoula,,False,3004,IND,Independent,LIBRARY 100 B,0,0,450000000001612,PUBLIC SERVICE COMMISSIONER, DISTRICT 4,0,0,229,130,1,False,ELENA EVANS,0,0,
MapData:#MontanaWebServices,PUBLIC SERVICE COMMISSIONER DISTRICT 4,,99,23837,32,Missoula,,False,3004,REP,Republican,LIFELONG LEARNING CENTER 95,0,0,450000000001612,PUBLIC SERVICE COMMISSIONER, DISTRICT 4,0,0,236,130,1,False,JENNIFER  FIELDER,0,0,
MapData:#MontanaWebServices,PUBLIC SERVICE COMMISSIONER DISTRICT 4,,99,23838,32,Missoula,,False,3004,IND,Independent,LIFELONG LEARNING CENTER 95,0,0,450000000001612,PUBLIC SERVICE COMMISSIONER, DISTRICT 4,0,0,236,130,1,False,ELENA EVANS,0,0,
MapData:#MontanaWebServices,PUBLIC SERVICE COMMISSIONER DISTRICT 4,,99,23837,32,Missoula,,False,3004,REP,Republican,LIFELONG LEARNING CENTER 97,0,0,450000000001612,PUBLIC SERVICE COMMISSIONER, DISTRICT 4,0,0,265,130,1,False,JENNIFER  FIELDER,0,0,
MapData:#MontanaWebServices,PUBLIC SERVICE COMMISSIONER DISTRICT 4,,99,23838,32,Missoula,,False,3004,IND,Independent,LIFELONG LEARNING CENTER 97,0,0,450000000001612,PUBLIC SERVICE COMMISSIONER, DISTRICT 4,0,0,265,130,1,False,ELENA EVANS,0,0,
MapData:#MontanaWebServices,PUBLIC SERVICE COMMISSIONER DISTRICT 4,,99,23837,32,Missoula,,False,3004,REP,Republican,LIFELONG LEARNING CENTER 100 A,0,0,450000000001612,PUBLIC SERVICE COMMISSIONER, DISTRICT 4,0,0,234,130,1,False,JENNIFER  FIELDER,0,0,
MapData:#MontanaWebServices,PUBLIC SERVICE COMMISSIONER DISTRICT 4,,99,23838,32,Missoula,,False,3004,IND,Independent,LIFELONG LEARNING CENTER 100 A,0,0,450000000001612,PUBLIC SERVICE COMMISSIONER, DISTRICT 4,0,0,234,130,1,False,ELENA EVANS,0,0,
MapData:#MontanaWebServices,PUBLIC SERVICE COMMISSIONER DISTRICT 4,,99,23837,32,Missoula,,False,3004,REP,Republican,LIFELONG LEARNING CENTER 100 B,0,0,450000000001612,PUBLIC SERVICE COMMISSIONER, DISTRICT 4,0,0,235,130,1,False,JENNIFER  FIELDER,0,0,
MapData:#MontanaWebServices,PUBLIC SERVICE COMMISSIONER DISTRICT 4,,99,23838,32,Missoula,,False,3004,IND,Independent,LIFELONG LEARNING CENTER 100 B,0,0,450000000001612,PUBLIC SERVICE COMMISSIONER, DISTRICT 4,0,0,235,130,1,False,ELENA EVANS,0,0,
MapData:#MontanaWebServices,PUBLIC SERVICE COMMISSIONER DISTRICT 4,,99,23837,32,Missoula,,False,3004,REP,Republican,LOLO 89 A,0,0,450000000001612,PUBLIC SERVICE COMMISSIONER, DISTRICT 4,0,0,237,130,1,False,JENNIFER  FIELDER,0,0,
MapData:#MontanaWebServices,PUBLIC SERVICE COMMISSIONER DISTRICT 4,,99,23838,32,Missoula,,False,3004,IND,Independent,LOLO 89 A,0,0,450000000001612,PUBLIC SERVICE COMMISSIONER, DISTRICT 4,0,0,237,130,1,False,ELENA EVANS,0,0,
MapData:#MontanaWebServices,PUBLIC SERVICE COMMISSIONER DISTRICT 4,,99,23837,32,Missoula,,False,3004,REP,Republican,LOLO 89 B,0,0,450000000001612,PUBLIC SERVICE COMMISSIONER, DISTRICT 4,0,0,238,130,1,False,JENNIFER  FIELDER,0,0,
MapData:#MontanaWebServices,PUBLIC SERVICE COMMISSIONER DISTRICT 4,,99,23838,32,Missoula,,False,3004,IND,Independent,LOLO 89 B,0,0,450000000001612,PUBLIC SERVICE COMMISSIONER, DISTRICT 4,0,0,238,130,1,False,ELENA EVANS,0,0,
MapData:#MontanaWebServices,PUBLIC SERVICE COMMISSIONER DISTRICT 4,,99,23837,32,Missoula,,False,3004,REP,Republican,LOLO 89 C,0,0,450000000001612,PUBLIC SERVICE COMMISSIONER, DISTRICT 4,0,0,239,130,1,False,JENNIFER  FIELDER,0,0,
MapData:#MontanaWebServices,PUBLIC SERVICE COMMISSIONER DISTRICT 4,,99,23838,32,Missoula,,False,3004,IND,Independent,LOLO 89 C,0,0,450000000001612,PUBLIC SERVICE COMMISSIONER, DISTRICT 4,0,0,239,130,1,False,ELENA EVANS,0,0,
MapData:#MontanaWebServices,PUBLIC SERVICE COMMISSIONER DISTRICT 4,,99,23837,32,Missoula,,False,3004,REP,Republican,LOLO 90,0,0,450000000001612,PUBLIC SERVICE COMMISSIONER, DISTRICT 4,0,0,241,130,1,False,JENNIFER  FIELDER,0,0,
MapData:#MontanaWebServices,PUBLIC SERVICE COMMISSIONER DISTRICT 4,,99,23838,32,Missoula,,False,3004,IND,Independent,LOLO 90,0,0,450000000001612,PUBLIC SERVICE COMMISSIONER, DISTRICT 4,0,0,241,130,1,False,ELENA EVANS,0,0,
MapData:#MontanaWebServices,PUBLIC SERVICE COMMISSIONER DISTRICT 4,,99,23837,32,Missoula,,False,3004,REP,Republican,LOLO 93,0,0,450000000001612,PUBLIC SERVICE COMMISSIONER, DISTRICT 4,0,0,242,130,1,False,JENNIFER  FIELDER,0,0,
MapData:#MontanaWebServices,PUBLIC SERVICE COMMISSIONER DISTRICT 4,,99,23838,32,Missoula,,False,3004,IND,Independent,LOLO 93,0,0,450000000001612,PUBLIC SERVICE COMMISSIONER, DISTRICT 4,0,0,242,130,1,False,ELENA EVANS,0,0,
MapData:#MontanaWebServices,PUBLIC SERVICE COMMISSIONER DISTRICT 4,,99,23837,32,Missoula,,False,3004,REP,Republican,LOWELL 98,0,0,450000000001612,PUBLIC SERVICE COMMISSIONER, DISTRICT 4,0,0,245,130,1,False,JENNIFER  FIELDER,0,0,
MapData:#MontanaWebServices,PUBLIC SERVICE COMMISSIONER DISTRICT 4,,99,23838,32,Missoula,,False,3004,IND,Independent,LOWELL 98,0,0,450000000001612,PUBLIC SERVICE COMMISSIONER, DISTRICT 4,0,0,245,130,1,False,ELENA EVANS,0,0,
MapData:#MontanaWebServices,PUBLIC SERVICE COMMISSIONER DISTRICT 4,,99,23837,32,Missoula,,False,3004,REP,Republican,LOWELL 100 A,0,0,450000000001612,PUBLIC SERVICE COMMISSIONER, DISTRICT 4,0,0,243,130,1,False,JENNIFER  FIELDER,0,0,
MapData:#MontanaWebServices,PUBLIC SERVICE COMMISSIONER DISTRICT 4,,99,23838,32,Missoula,,False,3004,IND,Independent,LOWELL 100 A,0,0,450000000001612,PUBLIC SERVICE COMMISSIONER, DISTRICT 4,0,0,243,130,1,False,ELENA EVANS,0,0,
MapData:#MontanaWebServices,PUBLIC SERVICE COMMISSIONER DISTRICT 4,,99,23837,32,Missoula,,False,3004,REP,Republican,LOWELL 100 B,0,0,450000000001612,PUBLIC SERVICE COMMISSIONER, DISTRICT 4,0,0,244,130,1,False,JENNIFER  FIELDER,0,0,
MapData:#MontanaWebServices,PUBLIC SERVICE COMMISSIONER DISTRICT 4,,99,23838,32,Missoula,,False,3004,IND,Independent,LOWELL 100 B,0,0,450000000001612,PUBLIC SERVICE COMMISSIONER, DISTRICT 4,0,0,244,130,1,False,ELENA EVANS,0,0,
MapData:#MontanaWebServices,PUBLIC SERVICE COMMISSIONER DISTRICT 4,,99,23837,32,Missoula,,False,3004,REP,Republican,MCPS ADMIN 93 A,0,0,450000000001612,PUBLIC SERVICE COMMISSIONER, DISTRICT 4,0,0,246,130,1,False,JENNIFER  FIELDER,0,0,
MapData:#MontanaWebServices,PUBLIC SERVICE COMMISSIONER DISTRICT 4,,99,23838,32,Missoula,,False,3004,IND,Independent,MCPS ADMIN 93 A,0,0,450000000001612,PUBLIC SERVICE COMMISSIONER, DISTRICT 4,0,0,246,130,1,False,ELENA EVANS,0,0,
MapData:#MontanaWebServices,PUBLIC SERVICE COMMISSIONER DISTRICT 4,,99,23837,32,Missoula,,False,3004,REP,Republican,MCPS ADMIN 93 B,0,0,450000000001612,PUBLIC SERVICE COMMISSIONER, DISTRICT 4,0,0,247,130,1,False,JENNIFER  FIELDER,0,0,
MapData:#MontanaWebServices,PUBLIC SERVICE COMMISSIONER DISTRICT 4,,99,23838,32,Missoula,,False,3004,IND,Independent,MCPS ADMIN 93 B,0,0,450000000001612,PUBLIC SERVICE COMMISSIONER, DISTRICT 4,0,0,247,130,1,False,ELENA EVANS,0,0,
MapData:#MontanaWebServices,PUBLIC SERVICE COMMISSIONER DISTRICT 4,,99,23837,32,Missoula,,False,3004,REP,Republican,MCPS ADMIN 93 C,0,0,450000000001612,PUBLIC SERVICE COMMISSIONER, DISTRICT 4,0,0,248,130,1,False,JENNIFER  FIELDER,0,0,
MapData:#MontanaWebServices,PUBLIC SERVICE COMMISSIONER DISTRICT 4,,99,23838,32,Missoula,,False,3004,IND,Independent,MCPS ADMIN 93 C,0,0,450000000001612,PUBLIC SERVICE COMMISSIONER, DISTRICT 4,0,0,248,130,1,False,ELENA EVANS,0,0,
MapData:#MontanaWebServices,PUBLIC SERVICE COMMISSIONER DISTRICT 4,,99,23837,32,Missoula,,False,3004,REP,Republican,MCPS ADMIN 94 A,0,0,450000000001612,PUBLIC SERVICE COMMISSIONER, DISTRICT 4,0,0,249,130,1,False,JENNIFER  FIELDER,0,0,
MapData:#MontanaWebServices,PUBLIC SERVICE COMMISSIONER DISTRICT 4,,99,23838,32,Missoula,,False,3004,IND,Independent,MCPS ADMIN 94 A,0,0,450000000001612,PUBLIC SERVICE COMMISSIONER, DISTRICT 4,0,0,249,130,1,False,ELENA EVANS,0,0,
MapData:#MontanaWebServices,PUBLIC SERVICE COMMISSIONER DISTRICT 4,,99,23837,32,Missoula,,False,3004,REP,Republican,MCPS ADMIN 94 B,0,0,450000000001612,PUBLIC SERVICE COMMISSIONER, DISTRICT 4,0,0,250,130,1,False,JENNIFER  FIELDER,0,0,
MapData:#MontanaWebServices,PUBLIC SERVICE COMMISSIONER DISTRICT 4,,99,23838,32,Missoula,,False,3004,IND,Independent,MCPS ADMIN 94 B,0,0,450000000001612,PUBLIC SERVICE COMMISSIONER, DISTRICT 4,0,0,250,130,1,False,ELENA EVANS,0,0,
MapData:#MontanaWebServices,PUBLIC SERVICE COMMISSIONER DISTRICT 4,,99,23837,32,Missoula,,False,3004,REP,Republican,MCPS ADMIN 96 A,0,0,450000000001612,PUBLIC SERVICE COMMISSIONER, DISTRICT 4,0,0,251,130,1,False,JENNIFER  FIELDER,0,0,
MapData:#MontanaWebServices,PUBLIC SERVICE COMMISSIONER DISTRICT 4,,99,23838,32,Missoula,,False,3004,IND,Independent,MCPS ADMIN 96 A,0,0,450000000001612,PUBLIC SERVICE COMMISSIONER, DISTRICT 4,0,0,251,130,1,False,ELENA EVANS,0,0,
MapData:#MontanaWebServices,PUBLIC SERVICE COMMISSIONER DISTRICT 4,,99,23837,32,Missoula,,False,3004,REP,Republican,MCPS ADMIN 96 B,0,0,450000000001612,PUBLIC SERVICE COMMISSIONER, DISTRICT 4,0,0,252,130,1,False,JENNIFER  FIELDER,0,0,
MapData:#MontanaWebServices,PUBLIC SERVICE COMMISSIONER DISTRICT 4,,99,23838,32,Missoula,,False,3004,IND,Independent,MCPS ADMIN 96 B,0,0,450000000001612,PUBLIC SERVICE COMMISSIONER, DISTRICT 4,0,0,252,130,1,False,ELENA EVANS,0,0,
MapData:#MontanaWebServices,PUBLIC SERVICE COMMISSIONER DISTRICT 4,,99,23837,32,Missoula,,False,3004,REP,Republican,PETTY 90,0,0,450000000001612,PUBLIC SERVICE COMMISSIONER, DISTRICT 4,0,0,253,130,1,False,JENNIFER  FIELDER,0,0,
MapData:#MontanaWebServices,PUBLIC SERVICE COMMISSIONER DISTRICT 4,,99,23838,32,Missoula,,False,3004,IND,Independent,PETTY 90,0,0,450000000001612,PUBLIC SERVICE COMMISSIONER, DISTRICT 4,0,0,253,130,1,False,ELENA EVANS,0,0,
MapData:#MontanaWebServices,PUBLIC SERVICE COMMISSIONER DISTRICT 4,,99,23837,32,Missoula,,False,3004,REP,Republican,TARGET RANGE 96 A,0,0,450000000001612,PUBLIC SERVICE COMMISSIONER, DISTRICT 4,0,0,261,130,1,False,JENNIFER  FIELDER,0,0,
MapData:#MontanaWebServices,PUBLIC SERVICE COMMISSIONER DISTRICT 4,,99,23838,32,Missoula,,False,3004,IND,Independent,TARGET RANGE 96 A,0,0,450000000001612,PUBLIC SERVICE COMMISSIONER, DISTRICT 4,0,0,261,130,1,False,ELENA EVANS,0,0,
MapData:#MontanaWebServices,PUBLIC SERVICE COMMISSIONER DISTRICT 4,,99,23837,32,Missoula,,False,3004,REP,Republican,TARGET RANGE 96 B,0,0,450000000001612,PUBLIC SERVICE COMMISSIONER, DISTRICT 4,0,0,262,130,1,False,JENNIFER  FIELDER,0,0,
MapData:#MontanaWebServices,PUBLIC SERVICE COMMISSIONER DISTRICT 4,,99,23838,32,Missoula,,False,3004,IND,Independent,TARGET RANGE 96 B,0,0,450000000001612,PUBLIC SERVICE COMMISSIONER, DISTRICT 4,0,0,262,130,1,False,ELENA EVANS,0,0,
MapData:#MontanaWebServices,PUBLIC SERVICE COMMISSIONER DISTRICT 4,,99,23837,32,Missoula,,False,3004,REP,Republican,UC 93,0,0,450000000001612,PUBLIC SERVICE COMMISSIONER, DISTRICT 4,0,0,263,130,1,False,JENNIFER  FIELDER,0,0,
MapData:#MontanaWebServices,PUBLIC SERVICE COMMISSIONER DISTRICT 4,,99,23838,32,Missoula,,False,3004,IND,Independent,UC 93,0,0,450000000001612,PUBLIC SERVICE COMMISSIONER, DISTRICT 4,0,0,263,130,1,False,ELENA EVANS,0,0,
MapData:#MontanaWebServices,PUBLIC SERVICE COMMISSIONER DISTRICT 4,,99,23837,32,Missoula,,False,3004,REP,Republican,UC 95 A,0,0,450000000001612,PUBLIC SERVICE COMMISSIONER, DISTRICT 4,0,0,264,130,1,False,JENNIFER  FIELDER,0,0,
MapData:#MontanaWebServices,PUBLIC SERVICE COMMISSIONER DISTRICT 4,,99,23838,32,Missoula,,False,3004,IND,Independent,UC 95 A,0,0,450000000001612,PUBLIC SERVICE COMMISSIONER, DISTRICT 4,0,0,264,130,1,False,ELENA EVANS,0,0,
MapData:#MontanaWebServices,PUBLIC SERVICE COMMISSIONER DISTRICT 4,,99,23837,32,Missoula,,False,3004,REP,Republican,UC 95 B,0,0,450000000001612,PUBLIC SERVICE COMMISSIONER, DISTRICT 4,0,0,267,130,1,False,JENNIFER  FIELDER,0,0,
MapData:#MontanaWebServices,PUBLIC SERVICE COMMISSIONER DISTRICT 4,,99,23838,32,Missoula,,False,3004,IND,Independent,UC 95 B,0,0,450000000001612,PUBLIC SERVICE COMMISSIONER, DISTRICT 4,0,0,267,130,1,False,ELENA EVANS,0,0,
MapData:#MontanaWebServices,PUBLIC SERVICE COMMISSIONER DISTRICT 4,,99,23837,32,Missoula,,False,3004,REP,Republican,UC 95 C,0,0,450000000001612,PUBLIC SERVICE COMMISSIONER, DISTRICT 4,0,0,268,130,1,False,JENNIFER  FIELDER,0,0,
MapData:#MontanaWebServices,PUBLIC SERVICE COMMISSIONER DISTRICT 4,,99,23838,32,Missoula,,False,3004,IND,Independent,UC 95 C,0,0,450000000001612,PUBLIC SERVICE COMMISSIONER, DISTRICT 4,0,0,268,130,1,False,ELENA EVANS,0,0,
MapData:#MontanaWebServices,PUBLIC SERVICE COMMISSIONER DISTRICT 4,,99,23837,32,Missoula,,False,3004,REP,Republican,UC 95 D,0,0,450000000001612,PUBLIC SERVICE COMMISSIONER, DISTRICT 4,0,0,269,130,1,False,JENNIFER  FIELDER,0,0,
MapData:#MontanaWebServices,PUBLIC SERVICE COMMISSIONER DISTRICT 4,,99,23838,32,Missoula,,False,3004,IND,Independent,UC 95 D,0,0,450000000001612,PUBLIC SERVICE COMMISSIONER, DISTRICT 4,0,0,269,130,1,False,ELENA EVANS,0,0,
MapData:#MontanaWebServices,PUBLIC SERVICE COMMISSIONER DISTRICT 4,,99,23837,32,Missoula,,False,3004,REP,Republican,UC 95 E,0,0,450000000001612,PUBLIC SERVICE COMMISSIONER, DISTRICT 4,0,0,270,130,1,False,JENNIFER  FIELDER,0,0,
MapData:#MontanaWebServices,PUBLIC SERVICE COMMISSIONER DISTRICT 4,,99,23838,32,Missoula,,False,3004,IND,Independent,UC 95 E,0,0,450000000001612,PUBLIC SERVICE COMMISSIONER, DISTRICT 4,0,0,270,130,1,False,ELENA EVANS,0,0,
MapData:#MontanaWebServices,PUBLIC SERVICE COMMISSIONER DISTRICT 4,,99,23837,41,Ravalli,,False,3004,REP,Republican,PRECINCT 11,0,0,450000000001612,PUBLIC SERVICE COMMISSIONER, DISTRICT 4,0,0,35,130,1,False,JENNIFER  FIELDER,0,0,
MapData:#MontanaWebServices,PUBLIC SERVICE COMMISSIONER DISTRICT 4,,99,23838,41,Ravalli,,False,3004,IND,Independent,PRECINCT 11,0,0,450000000001612,PUBLIC SERVICE COMMISSIONER, DISTRICT 4,0,0,35,130,1,False,ELENA EVANS,0,0,
MapData:#MontanaWebServices,PUBLIC SERVICE COMMISSIONER DISTRICT 4,,99,23837,41,Ravalli,,False,3004,REP,Republican,PRECINCT 15,0,0,450000000001612,PUBLIC SERVICE COMMISSIONER, DISTRICT 4,0,0,39,130,1,False,JENNIFER  FIELDER,0,0,
MapData:#MontanaWebServices,PUBLIC SERVICE COMMISSIONER DISTRICT 4,,99,23838,41,Ravalli,,False,3004,IND,Independent,PRECINCT 15,0,0,450000000001612,PUBLIC SERVICE COMMISSIONER, DISTRICT 4,0,0,39,130,1,False,ELENA EVANS,0,0,
MapData:#MontanaWebServices,PUBLIC SERVICE COMMISSIONER DISTRICT 4,,99,23837,41,Ravalli,,False,3004,REP,Republican,PRECINCT 16,0,0,450000000001612,PUBLIC SERVICE COMMISSIONER, DISTRICT 4,0,0,40,130,1,False,JENNIFER  FIELDER,0,0,
MapData:#MontanaWebServices,PUBLIC SERVICE COMMISSIONER DISTRICT 4,,99,23838,41,Ravalli,,False,3004,IND,Independent,PRECINCT 16,0,0,450000000001612,PUBLIC SERVICE COMMISSIONER, DISTRICT 4,0,0,40,130,1,False,ELENA EVANS,0,0,
MapData:#MontanaWebServices,PUBLIC SERVICE COMMISSIONER DISTRICT 4,,99,23837,41,Ravalli,,False,3004,REP,Republican,PRECINCT 17,0,0,450000000001612,PUBLIC SERVICE COMMISSIONER, DISTRICT 4,0,0,41,130,1,False,JENNIFER  FIELDER,0,0,
MapData:#MontanaWebServices,PUBLIC SERVICE COMMISSIONER DISTRICT 4,,99,23838,41,Ravalli,,False,3004,IND,Independent,PRECINCT 17,0,0,450000000001612,PUBLIC SERVICE COMMISSIONER, DISTRICT 4,0,0,41,130,1,False,ELENA EVANS,0,0,
MapData:#MontanaWebServices,PUBLIC SERVICE COMMISSIONER DISTRICT 4,,99,23837,41,Ravalli,,False,3004,REP,Republican,PRECINCT 18,0,0,450000000001612,PUBLIC SERVICE COMMISSIONER, DISTRICT 4,0,0,42,130,1,False,JENNIFER  FIELDER,0,0,
MapData:#MontanaWebServices,PUBLIC SERVICE COMMISSIONER DISTRICT 4,,99,23838,41,Ravalli,,False,3004,IND,Independent,PRECINCT 18,0,0,450000000001612,PUBLIC SERVICE COMMISSIONER, DISTRICT 4,0,0,42,130,1,False,ELENA EVANS,0,0,
MapData:#MontanaWebServices,PUBLIC SERVICE COMMISSIONER DISTRICT 4,,99,23837,41,Ravalli,,False,3004,REP,Republican,PRECINCT 19,0,0,450000000001612,PUBLIC SERVICE COMMISSIONER, DISTRICT 4,0,0,43,130,1,False,JENNIFER  FIELDER,0,0,
MapData:#MontanaWebServices,PUBLIC SERVICE COMMISSIONER DISTRICT 4,,99,23838,41,Ravalli,,False,3004,IND,Independent,PRECINCT 19,0,0,450000000001612,PUBLIC SERVICE COMMISSIONER, DISTRICT 4,0,0,43,130,1,False,ELENA EVANS,0,0,
MapData:#MontanaWebServices,PUBLIC SERVICE COMMISSIONER DISTRICT 4,,99,23837,41,Ravalli,,False,3004,REP,Republican,PRECINCT 20,0,0,450000000001612,PUBLIC SERVICE COMMISSIONER, DISTRICT 4,0,0,44,130,1,False,JENNIFER  FIELDER,0,0,
MapData:#MontanaWebServices,PUBLIC SERVICE COMMISSIONER DISTRICT 4,,99,23838,41,Ravalli,,False,3004,IND,Independent,PRECINCT 20,0,0,450000000001612,PUBLIC SERVICE COMMISSIONER, DISTRICT 4,0,0,44,130,1,False,ELENA EVANS,0,0,
MapData:#MontanaWebServices,PUBLIC SERVICE COMMISSIONER DISTRICT 4,,99,23837,41,Ravalli,,False,3004,REP,Republican,PRECINCT 21,0,0,450000000001612,PUBLIC SERVICE COMMISSIONER, DISTRICT 4,0,0,45,130,1,False,JENNIFER  FIELDER,0,0,
MapData:#MontanaWebServices,PUBLIC SERVICE COMMISSIONER DISTRICT 4,,99,23838,41,Ravalli,,False,3004,IND,Independent,PRECINCT 21,0,0,450000000001612,PUBLIC SERVICE COMMISSIONER, DISTRICT 4,0,0,45,130,1,False,ELENA EVANS,0,0,
MapData:#MontanaWebServices,PUBLIC SERVICE COMMISSIONER DISTRICT 4,,99,23837,41,Ravalli,,False,3004,REP,Republican,PRECINCT 22,0,0,450000000001612,PUBLIC SERVICE COMMISSIONER, DISTRICT 4,0,0,46,130,1,False,JENNIFER  FIELDER,0,0,
MapData:#MontanaWebServices,PUBLIC SERVICE COMMISSIONER DISTRICT 4,,99,23838,41,Ravalli,,False,3004,IND,Independent,PRECINCT 22,0,0,450000000001612,PUBLIC SERVICE COMMISSIONER, DISTRICT 4,0,0,46,130,1,False,ELENA EVANS,0,0,
MapData:#MontanaWebServices,PUBLIC SERVICE COMMISSIONER DISTRICT 4,,99,23837,41,Ravalli,,False,3004,REP,Republican,PRECINCT 23,0,0,450000000001612,PUBLIC SERVICE COMMISSIONER, DISTRICT 4,0,0,47,130,1,False,JENNIFER  FIELDER,0,0,
MapData:#MontanaWebServices,PUBLIC SERVICE COMMISSIONER DISTRICT 4,,99,23838,41,Ravalli,,False,3004,IND,Independent,PRECINCT 23,0,0,450000000001612,PUBLIC SERVICE COMMISSIONER, DISTRICT 4,0,0,47,130,1,False,ELENA EVANS,0,0,
MapData:#MontanaWebServices,PUBLIC SERVICE COMMISSIONER DISTRICT 4,,99,23837,41,Ravalli,,False,3004,REP,Republican,PRECINCT 24,0,0,450000000001612,PUBLIC SERVICE COMMISSIONER, DISTRICT 4,0,0,48,130,1,False,JENNIFER  FIELDER,0,0,
MapData:#MontanaWebServices,PUBLIC SERVICE COMMISSIONER DISTRICT 4,,99,23838,41,Ravalli,,False,3004,IND,Independent,PRECINCT 24,0,0,450000000001612,PUBLIC SERVICE COMMISSIONER, DISTRICT 4,0,0,48,130,1,False,ELENA EVANS,0,0,
MapData:#MontanaWebServices,PUBLIC SERVICE COMMISSIONER DISTRICT 4,,99,23837,41,Ravalli,,False,3004,REP,Republican,PRECINCT 25,0,0,450000000001612,PUBLIC SERVICE COMMISSIONER, DISTRICT 4,0,0,49,130,1,False,JENNIFER  FIELDER,0,0,
MapData:#MontanaWebServices,PUBLIC SERVICE COMMISSIONER DISTRICT 4,,99,23838,41,Ravalli,,False,3004,IND,Independent,PRECINCT 25,0,0,450000000001612,PUBLIC SERVICE COMMISSIONER, DISTRICT 4,0,0,49,130,1,False,ELENA EVANS,0,0,
MapData:#MontanaWebServices,PUBLIC SERVICE COMMISSIONER DISTRICT 4,,99,23837,45,Sanders,,False,3004,REP,Republican,1-NOXON,0,0,450000000001612,PUBLIC SERVICE COMMISSIONER, DISTRICT 4,0,0,4,130,1,False,JENNIFER  FIELDER,0,0,
MapData:#MontanaWebServices,PUBLIC SERVICE COMMISSIONER DISTRICT 4,,99,23838,45,Sanders,,False,3004,IND,Independent,1-NOXON,0,0,450000000001612,PUBLIC SERVICE COMMISSIONER, DISTRICT 4,0,0,4,130,1,False,ELENA EVANS,0,0,
MapData:#MontanaWebServices,PUBLIC SERVICE COMMISSIONER DISTRICT 4,,99,23837,45,Sanders,,False,3004,REP,Republican,2-TROUT CREEK,0,0,450000000001612,PUBLIC SERVICE COMMISSIONER, DISTRICT 4,0,0,6,130,1,False,JENNIFER  FIELDER,0,0,
MapData:#MontanaWebServices,PUBLIC SERVICE COMMISSIONER DISTRICT 4,,99,23838,45,Sanders,,False,3004,IND,Independent,2-TROUT CREEK,0,0,450000000001612,PUBLIC SERVICE COMMISSIONER, DISTRICT 4,0,0,6,130,1,False,ELENA EVANS,0,0,
MapData:#MontanaWebServices,PUBLIC SERVICE COMMISSIONER DISTRICT 4,,99,23837,45,Sanders,,False,3004,REP,Republican,3-T FALLS W,0,0,450000000001612,PUBLIC SERVICE COMMISSIONER, DISTRICT 4,0,0,7,130,1,False,JENNIFER  FIELDER,0,0,
MapData:#MontanaWebServices,PUBLIC SERVICE COMMISSIONER DISTRICT 4,,99,23838,45,Sanders,,False,3004,IND,Independent,3-T FALLS W,0,0,450000000001612,PUBLIC SERVICE COMMISSIONER, DISTRICT 4,0,0,7,130,1,False,ELENA EVANS,0,0,
MapData:#MontanaWebServices,PUBLIC SERVICE COMMISSIONER DISTRICT 4,,99,23837,45,Sanders,,False,3004,REP,Republican,4-T FALLS E,0,0,450000000001612,PUBLIC SERVICE COMMISSIONER, DISTRICT 4,0,0,8,130,1,False,JENNIFER  FIELDER,0,0,
MapData:#MontanaWebServices,PUBLIC SERVICE COMMISSIONER DISTRICT 4,,99,23838,45,Sanders,,False,3004,IND,Independent,4-T FALLS E,0,0,450000000001612,PUBLIC SERVICE COMMISSIONER, DISTRICT 4,0,0,8,130,1,False,ELENA EVANS,0,0,
MapData:#MontanaWebServices,PUBLIC SERVICE COMMISSIONER DISTRICT 4,,99,23837,45,Sanders,,False,3004,REP,Republican,5-PLAINS W,0,0,450000000001612,PUBLIC SERVICE COMMISSIONER, DISTRICT 4,0,0,13,130,1,False,JENNIFER  FIELDER,0,0,
MapData:#MontanaWebServices,PUBLIC SERVICE COMMISSIONER DISTRICT 4,,99,23838,45,Sanders,,False,3004,IND,Independent,5-PLAINS W,0,0,450000000001612,PUBLIC SERVICE COMMISSIONER, DISTRICT 4,0,0,13,130,1,False,ELENA EVANS,0,0,
MapData:#MontanaWebServices,PUBLIC SERVICE COMMISSIONER DISTRICT 4,,99,23837,45,Sanders,,False,3004,REP,Republican,6-PLAINS S,0,0,450000000001612,PUBLIC SERVICE COMMISSIONER, DISTRICT 4,0,0,9,130,1,False,JENNIFER  FIELDER,0,0,
MapData:#MontanaWebServices,PUBLIC SERVICE COMMISSIONER DISTRICT 4,,99,23838,45,Sanders,,False,3004,IND,Independent,6-PLAINS S,0,0,450000000001612,PUBLIC SERVICE COMMISSIONER, DISTRICT 4,0,0,9,130,1,False,ELENA EVANS,0,0,
MapData:#MontanaWebServices,PUBLIC SERVICE COMMISSIONER DISTRICT 4,,99,23837,45,Sanders,,False,3004,REP,Republican,7-PLAINS E,0,0,450000000001612,PUBLIC SERVICE COMMISSIONER, DISTRICT 4,0,0,10,130,1,False,JENNIFER  FIELDER,0,0,
MapData:#MontanaWebServices,PUBLIC SERVICE COMMISSIONER DISTRICT 4,,99,23838,45,Sanders,,False,3004,IND,Independent,7-PLAINS E,0,0,450000000001612,PUBLIC SERVICE COMMISSIONER, DISTRICT 4,0,0,10,130,1,False,ELENA EVANS,0,0,
MapData:#MontanaWebServices,PUBLIC SERVICE COMMISSIONER DISTRICT 4,,99,23837,45,Sanders,,False,3004,REP,Republican,8-HOT SPRINGS,0,0,450000000001612,PUBLIC SERVICE COMMISSIONER, DISTRICT 4,0,0,11,130,1,False,JENNIFER  FIELDER,0,0,
MapData:#MontanaWebServices,PUBLIC SERVICE COMMISSIONER DISTRICT 4,,99,23838,45,Sanders,,False,3004,IND,Independent,8-HOT SPRINGS,0,0,450000000001612,PUBLIC SERVICE COMMISSIONER, DISTRICT 4,0,0,11,130,1,False,ELENA EVANS,0,0,
